<?xml version="1.0" encoding="UTF-8"?>
<!DOCTYPE mapper
	PUBLIC "-//mybatis.org//DTD Mapper 3.0//EN"
	"http://mybatis.org/dtd/mybatis-3-mapper.dtd">
	
<mapper namespace = "com.portfolio.spring.dao.UserDao">
	
	<select id = "userInfo"  resultType = "com.portfolio.spring.dto.UserInfoDto">
		SELECT * FROM USERINFO WHERE UID = #{param1}
	</select>
	
	<select id = "userNick" resultType = "java.lang.String">
		SELECT UNICK FROM USERINFO WHERE UID = #{param1}
	</select>
	
	<select id = "checkUserId" resultType = "java.lang.Integer">
		SELECT COUNT(*) FROM USERINFO WHERE UID = #{param1}
	</select>
	
	<select id = "checkUserNick" resultType = "java.lang.Integer">
		SELECT COUNT(*) FROM USERINFO WHERE UNICK = #{param1}
	</select>
	
	<insert id = "joinUser" parameterType = "com.portfolio.spring.dto.UserInfoDto">
		INSERT INTO USERINFO(UID, UPW, UNICK, UPHONE, UADDR, UBIRTH, UGENDER) VALUES(#{uid}, #{upw}, #{unick}, #{uphone}, #{uaddr}, #{ubirth}, #{ugender})
	</insert>
	
	<update id = "modifyUser" parameterType = "com.portfolio.spring.dto.UserInfoDto">
		UPDATE USERINFO SET UPW = #{upw}, UNICK = #{unick}, UPHONE = #{uphone}, UADDR = #{uaddr}, UBIRTH = #{ubirth}, UGENDER = #{ugender} WHERE UID = #{uid} 
	</update>
	
	<insert id = "accountAdmin" parameterType = "com.portfolio.spring.dto.UserInfoDto">
		INSERT INTO USERINFO(UID, UPW, UNICK, UAUTHORITYIDX) VALUES(#{uid}, #{upw}, #{unick}, #{uauthorityIdx})
	</insert> 
	
</mapper>